<?xml version="1.0" encoding="UTF-8"?>
<!DOCTYPE beans PUBLIC "-//SPRING//DTD BEAN//EN" "http://www.springframework.org/dtd/spring-beans.dtd">

<beans>
    
    <bean id="studentService" class="org.springframework.remoting.caucho.BurlapProxyFactoryBean">
        <property name="serviceUrl"><value>http://localhost:8080/Remoting/BurlapStudentService</value></property>
        <property name="serviceInterface"><value>com.springinaction.chapter06.StudentService</value></property>
    </bean>

</beans>